{"cameraMode":{"drawMode":0,"name":"Shaded","section":"Shading Mode"},"sceneLighting":true,"audioPlay":false,"sceneViewState":{"m_AlwaysRefresh":false,"showFog":true,"showSkybox":true,"showFlares":true,"showImageEffects":true,"showParticleSystems":true,"showVisualEffectGraphs":true,"m_FxEnabled":true},"in2DMode":false,"pivot":{"x":163.41334533691407,"y":337.6200256347656,"z":-114.78353881835938},"rotation":{"x":-0.03282497450709343,"y":0.21479138731956483,"z":-0.00716332858428359,"w":-0.9761210680007935},"size":177.93072509765626,"orthographic":false}